ID,Nazwa
130001,"ŚNIEŻYNKA"
130002,"ORNAMENT ZE ŚNIEŻYNKĄ"
130003,"BOMBKA ZE ŚNIEZYNKAMI"
130004,"DEK. LATARNIOWA BOMBKA Z KOKARDĄ"
130009,"KRÓLEWSKI KIELICH"
130010,"BOMBKA 3D ZE ŚNIEZYNKĄ"
130011,"KRÓLEWSKI ORNAMENT"
130014,"LILIA WYSOKA"
130015,"LILIA"
130016,"PLECIONA KULA"
130018,"LATARNIOWIEC - ORNAMENT 2D Z BOMBKAMI"
130019,"WYSOKA LILIA"
130020,"KORONA WYSOKA"
130023,"ZŁOTA GWIAZDA 3D"
130024,"ZŁOTA OBRĘCZ Z IGLIWIEM"
130025,"ORNAMENT Z IGLIWIEM"
130026,"ORNAMENT Z IGLIWIEM"
130027,"ŚWIĄTECZNY WIENIEC"
130029,"GWIAZDKA"
130030,"TRZY GWIAZDKI"
130031,"TRZY GWIAZDKI"
130032,"TRZY GWIAZDKI"
130033,"GWIAZDKA 2D"
130034,"OBRĘCZ Z GWIAZDKAMI"
130037,"ŚNIEŻYNKA"
130041,"PAŁACOWY ŻYRANDOL 3D"
130042,"KIŚĆ ŚNIEŻYNEK"
130044,"SPLOT GAŁĘZI"
130045,"ZIMOWE GAŁĘZIE"
130046,"GAŁĄŹ LEŚNA"
130047,"SPLOT GAŁEZI 3D"
130050,"CHOINKA Z GWIAZDKĄ"
130052,"RENIFER"
130053,"DEK. LATARNIOWA - ŚNIEZYNKA 2D"
130054,"ORNAMENT ZE ŚNIEŻYNKAMI"
130055,"KOMPOZYCJA ŚNIEZYNEK"
130056,"ŚNIEŻYNKA"
130057,"ŚNIEZYNKA"
130058,"ZŁOTA ŚNIEZYNKA"
130059,"ŚNIEZYNKA"
130061,"ŚNIEŻYNKA"
130063,"MROŹNA GAŁĄZKA"
130064,"ŚNIEZYNKA"
130065,"ŚNIEŻYNKA 2D 2,2M"
130066,"ŚNIEŻYNKA 2D 1,6m"
130067,"ŚNIEŻYNKA 2D"
130068,"ŚNIEZYNKA 3D"
130069,"ŚNIEŻYNKA"
130071,"ŚNIEZYNKA 3D"
130073,"PREZENT Z KOKARDĄ"
130074,"WSTĄŻKA Z BOMBKAMI SREBRNO-CZERWONE"
130075,"CZERWONA KOKARDA 2D"
130078,"ZŁOTA KOKARDA"
130081,"OWALNY ZYRANDOL"
130082,"KRÓLEWSKI ORNAMENT"
130083,"KRÓLEWSKI ORNAMENT"
130086,"PŁATEK ŚNIEGU"
130088,"ZŁOTA GWIAZDKA"
130089,"DIAMENTOWA ŚNIEZYNKA"
130091,"KORONA Z DIAMENTÓW 3D"
130093,"GWIAZDKA"
130097,"DEK.LATARNIOWA  POŁÓWKA"
130098,"ŚNIEŻYNKA"
130099,"ŚNIEZYNKA 3D"
130100,"ŚNIEŻYNKA"
130101,"ŚNIEZYNKA"
130102,"ŚNIEZYNKA 3D"
130103,"DEK. LATARNIOWA 2D GWIAZDKI WER 1"
130104,"DEK. LATARNIOWA 2D GWIAZDKI WER 2"
130109,"DEK. LATARNIOWA 2D SPADAJĄCA GWIAZDA WYPEŁNIENIE BANDOXALEM"
130111,"DEK. LATARNIOWA 2D GWIAZDA ZŁOTA KOMETA Z WYPLOTEM"
130114,"DEK. LATARNIOWA 2D GWIAZDKA Z FIKOLASEM Z BOMBKĄ"
130115,"DEK. LATARNIOWA 2D GWIAZDKI WER 3"
130116,"DEK. LATARNIOWA 2D 3 ZŁOTE GWIAZDY WERSJA S"
130118,"DEK. LATARNIOWA 2D 2 GWIAZDY W PÓŁKOLU"
130119,"DEK. LATARNIOWA 2D ZŁOTY BUKIET BANDOXAL"
130120,"DEK. LATARNIOWA 2D ZŁOTY OSTROKRZEW 2D"
130122,"DEK. LATARNIOWA 3D ZŁOTA LILIA Z GIRLANDĄ"
130125,"DEK. LATARNIOWA MEDALION ŚWIĄTECZNY 2D"
130126,"LATARNIOWIEC 2D - ŚWIĄTECZNY STROIK"
130127,"LATARNIOWIEC WISZĄCY ZŁOTE GWIAZDY 3D"
130129,"LATARNIOWIEC WISZĄCY KORONA Z GWIAZD 3D"
130130,"LATARNIOWIEC ŚWIĄTECZNY STROIK 3D"
130131,"DEK. LATARNIOWA ZŁOTA GWIAZDKA 2D"
130132,"DEK. LATARNIOWA ŚNIEŻYNKA 2D"
130133,"DEK. LATARNIOWA ŚNIEŻYNKA 2D"
130134,"LATARNIOWIEC DIAMENTOWA GWIAZDA 3D"
130135,"LATARNIOWIEC DIAMENTOWA GWIAZDA 2D"
130136,"LATARNIOWIEC DIAMENTOWA ŚNIEŻYNKA 2D"
130137,"LATARNIOWIEC ZIMOWA GWIAZDKA 2D"
130141,"DEK. LATARNIOWA SNOWBOARDZISTA 2D KAT"
130142,"DEK. LATARNIOWA NARCIARZ 2D KAT"
130143,"DEK. LATARNIOWA 2D ZESTAW GWIAZD WERSJA PODWÓJNA KAT"
130144,"DEK. LATARNIOWA 2D GWIAZDA WERSJA PODWÓJNA KAT"
130145,"DEK. LATARNIOWA 2D GWIAZDA GIRLANDA ROGAL KAT"
130146,"DEK. LATARNIOWA 2D GAŁĄŹ Z WYCINANKAMI KAT"
130147,"DEK. LATARNIOWA 1/1 L+P ZIMNY KAT"
130148,"DEK. LATARNIOWA 2D GIRLANDA PÓŁKOLE KAT"
130149,"DEK. LATARNIOWA KORONA Z GIRLANDĄ KAT"
130150,"DEK. LATARNIOWA GWIAZDA POŁÓWKA BANDOXAL GIRLANDA KAT"
130152,"DEK LATARNIOWA Z DWIEMA GWIAZDAMI"
130209,"DEK. LATARNIOWA- GOLD"
130214,"DEK. LATARNIOWA 2/2 - GOLD"
130218,"DEKORACJA LATARNIOWA TRZY BOMBKI Z KOKARDĄ"
130222,"DEKORACJA LATARNIOWA GWIAZDA 1,6 BANDOXAL"
130223,"LATARNIOWIEC GWIAZDA BANDOXAL ROMBY"
130273,"DEK. LATARNIOWA"
132001,"TRZY PŁATKI ŚNIEGU"
132002,"KRÓLEWSKA LILIA Z ORNAMENTEM"
132003,"KRÓLEWSKA WYSOKA LILIA-KANDELABR"
132004,"KRÓLEWSKI WYSOKI KIELICH 3D"
132006,"TRZY ZŁOTE GWIAZDY"
132007,"TRZY ŚNIEŻYNKI"
132008,"LESNE DRZEWKO"
132009,"LEŚNE DRZEWKO"
132011,"ZIMOWA CHOINKA"
132012,"TRZY SNIEŻYNKI 3D"
132017,"LATARNIOWIEC STOJĄCY - LILIA 2,5 M"
132018,"LATARNIOWIEC DIAMENTOWA GWIAZDA 3D"
132019,"KRÓLEWSKI KANDELABR"
134004,"ZŁOTE PIÓRO"
134005,"DWA ZŁOTE PIÓRA"
134006,"DWA ZŁOTE PIÓRA"
134013,"ZIMOWA ŚNIEŻYNKA"
134014,"ZŁOTY RENIFER"
134015,"LEŚNE IGLIWIE"
134017,"ŚNIEŻNA FALA"
134018,"KOMPOZYCJA ŚNIEZYNEK"
134019,"ZIMOWA ŚNIEŻYNKA"
134020,"OZDOBNA KOKARDA"
134021,"SZARFA"
134025,"PRZEWIESZKA LEŚNA GAŁĄZKA 2D"
134026,"PRZEWIESZKA KWIAT AKANTU 2D"
134027,"Przewieszka KWIAT AKANTU"
134028,"PRZEWIESZKA KWIAT AKANTU"
136001,"LEŚNA KULA"
136002,"LEŚNA KULA"
136003,"LEŚNA KULA"
136004,"LEŚNA KULA"
136005,"LEŚNA KULA"
136006,"LEŚNA KULA"
136007,"LEŚNA KULA"
138001,"ZŁOTA KOKARDA 3D"
138004,"CZERWONA KOKARDA 3D"
138005,"RENIFER"
138006,"ZIMOWE CHOINKI"
138007,"BIEGNĄCY RENIFER"
138009,"LEŚNA GWIAZDA"
138010,"LEŚNA GWIAZDA"
138011,"LEŚNA GWIAZDA"
138012,"ZIMOWE KWIATY"
138013,"MIKOŁAJ W PRODRÓŻY 2D"
138014,"MIKOŁAJ W PODRÓŻY 2D"
138015,"ŚNIEŻYNKA"
138016,"DIAMENTOWA CHOINKA 2D"
138017,"ŚNIEŻYNKA"
138018,"DIAMENTOWA GWIAZDKA 2D"
138021,"DIAMENTOWA ŚNIEŻYNKA 2D"
138023,"GWIAZDA"
138024,"ZŁOTA BOMBKA"
138025,"GWIAZDA"
138026,"GWIAZDKA"
138027,"GWIAZDA"
138028,"GWIAZDA"
138029,"GWIAZDA"
138030,"ŚNIEZYNKA"
138031,"ŚNIEZYNKA"
138032,"ŚNIEŻYNKA"
138033,"ŚNIEZYNKA"
138034,"ŚNIEŻYNKA"
138035,"ŚNIEŻYNKA"
138041,"GWIAZDA"
138042,"ŚNIEŻYNKA"
138043,"ŚNIEŻYNKA"
138044,"ŚNIEŻYNKA"
138045,"ŚNIEŻYNKA"
138046,"GWIAZDA"
138047,"GWIAZDA"
138048,"GWIAZDA"
138049,"GWIAZDA"
138050,"ZŁOTA BOMBKA"
138051,"ZŁOTA BOMBKA"
138052,"ZŁOTA BOMBKA"
138053,"ZŁOTA BOMBKA"
138054,"ZŁOTA BOMBKA"
138055,"ZŁOTA BOMBKA"
138056,"SREBRNA BOMBKA"
138057,"SREBRNA BOMBKA"
138058,"SREBRNA BOMBKA"
138059,"SREBRNA BOMBKA"
138060,"SREBRNA BOMBKA"
138061,"SREBRNA BOMBKA"
138062,"SREBRNA BOMBKA"
138063,"GWIAZDA 1,6M POŁÓWKA"
138064,"GWIAZDA"
138065,"GWIAZDKA"
138066,"GWIAZDKA"
138067,"GWIAZDA"
138068,"GWIAZDA"
138069,"GWIAZDA"
138070,"GWIAZDA"
138071,"GWIAZDA"
138072,"GWIAZDA"
138073,"GWIAZDA"
138074,"GWIAZDA"
138075,"GWIAZDA"
138076,"GWIAZDA"
138077,"GWIAZDA"
138078,"GWIAZDA"
138079,"GWIAZDA"
138080,"GWIAZDA"
138081,"GWIAZDA"
138082,"ŚNIEZYNKA"
138083,"ŚNIEŻYNKA"
138084,"ŚNIEŻYNKA"
138085,"ŚNIEŻYNKA 2D 1,15M"
138086,"ŚNIEŻYNKA 2D"
140001,"ŚWIETLISTE ŁUKI 3D"
140004,"BRAMA Z LATARENKAMI"
140006,"GWIAZDA Z PRZEJŚCIEM"
140008,"BRAMA Z MOTYWEM BOMBKI"
140010,"KWITNĄCY SPLOT GAŁĘZI"
140011,"LEŚNY BINDAŻ 3D"
140013,"BRAMA Z MOTYWEM ROŚLINNYM"
140014,"BRAMA 2"
140015,"BRAMA ZE ŚNIEZYNKAMI"
140016,"ZIMOWA BRAMA 2D"
140017,"BRAMA 3D Z TRZEMA ŚNIEŻYNKAMI"
140018,"BRAMA Z WIELKĄ ŚNIEŻYNKĄ"
140020,"ŚWIETLISTE ŁUKI"
140021,"BRAMA 3D"
140022,"BRAMA 3D DO BAJKOWEJ KRAINY"
140023,"BRAMA, PAN CIASTEK 3D"
140028,"BRAMA 3D"
140029,"BRAMA 2D Z JELONKAMI WESOŁYCH ŚWIĄT"
140030,"BRAMA RENIFEROWA"
140035,"TUNEL PARKOWY BAJKOWY MAŁY STRZELISTY 1 MODUŁ"
140102,"ŚNIEŻYNKOWA ALEJA 3D"
141001,"OWALNY PREZENT"
141002,"PREZENT Z KOKARDĄ"
141012,"PREZENTY 3D ZESTAW"
142001,"BOMBKA Z KRÓLEWSKIM MOTYWEM"
142003,"OZDOBNA BOMBKA"
142004,"KRÓLEWSKA BOMBKA 3D"
142005,"BOMBKA 3D Z KOKARDĄ"
142006,"BOMBKA 3D Z SIEDZISKIEM"
142008,"BOMBKA Z SIEDZISKIEM"
142009,"BOMBKA Z PRZEJŚCIEM"
142010,"BOMBKA Z MOTYWEM GAŁĄZKI"
142016,"KULA 3D"
142018,"KULA 3D 0,8M"
142019,"KULA 3D 1,2M"
142020,"KULA 3D 1,6M"
143001,"FONTANNA KRÓLEWSKA"
143002,"FONTANNA BRAMA"
143003,"FALISTA FONTANNA 3D"
143004,"FONTANNA 3D Z ORNAMENTEM"
143005,"FONTANNA KOLUMNOWA"
143006,"FONTANNA Z BOMBKAMI"
143007,"FONTANNA Z BOMBKAMI"
143008,"FONTANNA Z BOMBKAMI"
143009,"FONTANNA Z BOMBKAMI"
143010,"FONTANNA ŹRÓDLANA"
143011,"FONTANNA ZRÓDLANA"
143012,"FONTANNA ŹRÓDLANA"
143013,"FONTANNA ŹRÓDLANA"
144001,"KRÓLEWSKI PAW"
144002,"KOŃ W KRÓLEWSKIM ZAPRZĘGU"
144003,"RENIFER Z WIEŃCEM"
144004,"BIEGNĄCY RENIFER NA SKRZYNI BALASTOWEJ"
144005,"RENIFER 3D 6M-SKRZYNIE"
144006,"WIEWIÓRKA Z BOMBKĄ NA KRACIE"
144007,"MŁODA SARENKA 3D"
144008,"LEŚNA ŁANIA 3D - 3M"
144011,"NIEDŹWIEDŹ 2D"
144012,"STOJĄCY NIEDŹWIEDŹ 2D"
144013,"LIS 2D"
144014,"RENIFER"
144017,"LEŚNY JELEŃ 2D"
144018,"NIEDŹWIEDŹ POLARNY 3D"
144019,"NIEDŹWIEDŹ POLARNY 3D NA SKRZYNI"
144021,"BIEGNĄCY RENIFER 3D"
144022,"MIŚ W CZERWONEJ CZAPCE"
144025,"SIEDZĄCY MIŚ 2D"
144026,"MIŚ"
144027,"RENIFER 3D"
144028,"BIEGNACY RENIFER 3D"
144048,"FIG. MIŚ SIEDZĄCY 2D Z ŁYŻWAMI"
144049,"MIŚ 1,2 STOJĄCY NA ŁYŻWACH"
144050,"PINGWIN NA ŁYŻWACH 2D W PIRUECIE"
144051,"PINGWIN NA ŁYŻWACH 2D OPARTY-KRATA SREBRNA"
144053,"PINGWIN NA NARTACH 2D"
144059,"ŚWIĄTECZNE MYSZKI 2D Z CUKROWĄ LASKĄ"
144060,"WÓŁ - BEZ ZASILANIA"
144061,"OSIOŁ - BEZ ZASILANIA"
144064,"NIEDŹWIEDŹ STRAŻNIK KAT"
144065,"FLAMING STOJĄCY NA BLASZE WERSJA 1"
144066,"FLAMING STOJĄCY NA BLASZE WERSJA 2"
144067,"FLAMING STOJĄCY NA BLASZE WERSJA 3"
144068,"NIEDŹWIEDŹ BRUNATNY 3D Z SIEDZISKIEM"
144069,"LEW HEWELION"
145001,"ZŁOTE DRZEWKO"
145002,"LILIA"
145003,"LILIA"
145004,"LILIA"
145005,"ZIELONE DRZEWO 2D"
145006,"ZIELONE DRZEWO 2D"
145007,"ZIMOWE CHOINKI"
145009,"LEŚNY ZAGAJNIK 3D"
145010,"ZESTAW 3 SZT. ZŁOTYCH DRZEW"
145011,"ZIMOWE KWIATY 2D"
145012,"ZIMOWE KWIATY"
145017,"ZIMOWE DRZEWO Z TUBAMI 3D"
145019,"4 LEŚNE DRZEWKA Z PTAKAMI"
145024,"ZIELONE DRZEWO 3D"
145025,"FIG. DRZEWO LODOWE KAT"
145026,"LIŚĆ BANANOWCA STOJĄCY WERSJA 1"
145027,"LIŚĆ BANANOWCA STOJĄCY WERSJA 2"
145028,"LIŚĆ BANANOWCA STOJĄCY WERSJA 3"
146001,"DWORSKA PARA"
146002,"DŻENTELMEN"
146003,"DWORSKA PARA"
146004,"DAMA"
146005,"DZIEWCZYNKA"
146006,"CHŁOPIEC Z ŁÓDKĄ"
146008,"ANIOŁ"
146009,"ANIOŁ"
146010,"ANIOŁ"
146011,"KRÓLOWA ŚNIEGU"
146012,"MIKOŁAJ 3D NA NARTACH"
146014,"ŚWIETLISTY ANIOŁ"
146016,"BAŁWAN ZE ŚNIEŻYNKAMI"
146018,"DZIEWCZYNKA ŁYŻWIARKA 2D"
146019,"DZIEWCZYNKI ŁYŻWIARKI 2D"
146020,"HARFISTKA 2D"
146021,"ŁYŻWIARKA 2D"
146022,"ŁYŻWIARZ 2D"
146023,"SKRZYPACZKA 2D"
146024,"WIOLONCZELISTA 2D"
146025,"HARFA I ANIOŁ 2D"
146026,"TRĄBKA I ANIOŁ 2D"
146027,"WIOLONCZELA I ANIOŁ 2D"
146028,"GNOM Z BRODĄ"
146029,"GNOM Z FARTUCHEM"
146030,"POSTACI PARA LATA TRZYDZIESTE 2D NA SKRZYNI"
146031,"POSTACI PARA LATA TRZYDZIESTE WIECZOROWO 2D"
146032,"BAŁWAN Z PREZENTEM 3D"
146033,"ANIOŁ 3D 500cm"
146034,"MARIA Z JEZUSKIEM BEZ ZASILANIA"
146035,"JÓZEF - BEZ ZASILANIA"
146036,"PASTERZ - BEZ ZASILANIA"
146037,"KRÓL KACPER  BEZ ZASILANIA"
146038,"KRÓL MELCHIOR MIRRA"
146039,"KRÓL BALTAZAR ZŁOTO - BEZ ZASILANIA"
146040,"MIKOŁAJ 3D Z WORKIEM"
146041,"FIG.ZŁOTY ANIOŁ 3D"
146042,"ANIOŁ ZE ŚWIECZKĄ"
147001,"KRÓLEWSKA KARETA"
147003,"SANIE"
147005,"SANIE KRÓLOWEJ ŚNIEGU"
147006,"BALON 3D"
147007,"SAMOLOT ŚW. MIKOŁAJA 3D"
147008,"SAMOCHÓD"
147013,"MIKOŁAJ NA MOTOCYKLU 3D NA KRATACH"
147014,"SAMOCHÓD ŚWIĘTEGO MIKOŁAJA"
147015,"AUTOBUS ŚWIĘTEGO MIKOŁAJA - BEZ ŻARÓWEK"
147018,"SAMOCHÓD MIKRUS"
147030,"SAMOCHÓD FORD T WERSJA ZIELONY ZADRUK"
148002,"ŚWIĄTECZNE ZYCZENIA"
149001,"KARUZELA KRÓLEWSKA"
149002,"ZAMEK KRÓLOWEJ"
149003,"ZAMEK Z BAJKI"
149004,"DOMEK Z PIERNIKA"
149005,"DOMEK 2D"
149006,"DOMEK 2D"
149007,"DOMEK 2D"
149008,"KOPALNIA PREZENTÓW 3D SZYB Z MERRY CHRISTMAS"
149009,"HUŚTAWKA ZŁOTA LAMPION Z CZERWONĄ KOKARDĄ"
149010,"SZOPKA 3D"
149011,"KONNA KARUZELA"
149012,"KARUZELA BAJKOWA"
149013,"ROTUNDA MULTIMEDIALNA"
150000,"BAJKOWY KOMINEK 3D"
150001,"ZŁOTY FOTEL"
150002,"FOTEL ŚW. MIKOŁAJA"
150003,"ZŁOTA FOTORAMA"
150004,"KRÓLEWSKA FOTORAMA"
150005,"OZDOBNY WACHLARZ"
150008,"LEŚNA FOTORAMA"
150009,"ŁAWKA PARKOWA"
150010,"FOTORAMA, LUSTRO KROLOWEJ ŚNIEGU 3D"
150014,"FOTOPUNKT Z CHOINKĄ 2D"
150018,"RAMA DO ZDJĘĆ Z TRÓJKĄTÓW NA KRATACH"
150020,"ANIELSKIE SKRZYDŁA 3D"
150025,"FOTORAMKA KLASYCZNA Z KOKARDĄ"
150031,"MAGICZNE LUSTRO 2D"
150032,"MONIDŁO ANIELESKIE SKRZYDŁA"
150033,"ŁAWKA ART DECO"
150034,"KOLEJKA ŚWIĄTECZNA 2D"
150035,"ŁAWKA ZE ŚNIEŻYNKĄ ART DEKO"
150036,"FOTORAMA Z CZAPKĄ MIKOŁAJA"
150039,"RAMKA POLAROID ROMBOWA"
150040,"MONIDŁO MIŚ W STROJU MIKOŁAJA KAT"
150041,"RAMKA POLAROID Z NARCIARKĄ KAT"
150042,"RAMKA POLAROID ZE SNOWBOARDZISTĄ KAT"
150043,"SZIEDZISKO Z GAŁĘZIAMI I WSTĄŻKĄ CZERWONĄ"
150044,"RAMKA FOTO - KOPERTA LIST Z NAKLEJKĄ GIRLANDĄ I NAPISEM"
151001,"KOLUMNA Z KULA"
152001,"CHOINKA Z ŻYCZENIAMI"
152002,"LEŚNE SERCE"
153001,"HARFA"
153002,"KONTRABAS"
153003,"TRĄBKA"
153004,"WALTORNIA"
153005,"GWIAZDA"
153006,"GWIAZDA NA KRACIE"
153007,"GWIAZDA NA STOJAKU I KRACIE"
153008,"GWIAZDA NA STOJAKU"
153009,"GWIAZDA"
153010,"ZEGAR KRÓLOWEJ ŚNIEGU"
153012,"ŚNIEZYNKA 3D"
153028,"FILIŻANKA OBROTOWA 3D"
153032,"GÓRA LODOWA 3D"
155001,"KOMPOZYCJA Z ANIOŁAMI FOTOPUNKTAMI 3D"
155003,"MAGICZNY PREZENT 3D Z RENIFEREM ZESTAW"
155004,"PINGWIN 2D I SANKI 3D"
155008,"SANIE Z ZAPRZEGIEM NIEDZWIEDZI 3D"
155010,"ZACZAROWANA DOROŻKA z koniem 3D"
155011,"POLARNY POCIĄG"
155012,"BAJKOWY POCIĄG 3D"
155013,"TRAMWAJ MIEJSKI Z KONIEM"
155015,"ŚWIĄTECZNY NOWY ROK 2023"
155016,"ZŁOTY POCIĄG ZESTAW 3D"
155017,"DWA ŁUKI PALMOWE BINDAŻ NA ZIELONYCH BLOCZKACH"
155018,"ZESTAW DWÓCH BOMBEK POŁÓWEK Z JEMIOŁĄ"
160001,"CHOINKA STOŻKOWA 4,8M"
160002,"CHOINKA STOŻKOWA 6,8M"
160003,"STOŻKOWA CHOINKA 3D 8,8M"
160004,"STOŻKOWA CHOINKA"
160005,"CHOINKA STOŻKOWA ZIELONA 4,8M"
160006,"CHOINKA STOŻKOWA ZIELONA 6,8M"
160007,"CHOINKA STOŻKOWA ZIELONA 8,8M"
160008,"CHOINKA STOŻKOWA ZIELONA 11,15M"
160009,"ZŁOTA CHOINKA 3D 6M"
160014,"CHOINKA Z DROGOWSKAZAMI"
160015,"CHOINKA STOŻKOWA 4,8M Z MOTYWEM GAŁĄZKI"
160016,"CHOINKA STOŻKOWA 6,8M Z MOTYWEM GAŁĄZKI"
160017,"CHOINKA STOŻKOWA 8,8M Z MOTYWEM GAŁĄZKI"
160018,"CHOINKA STOŻKOWA 11,15M Z MOTYWEM GAŁĄZKI"
160019,"CHOINKA ŚWIETLNA"
160020,"CHOINKA ŁACINA ŁAGODNA 9,5M"
160021,"CHOINKA ŚWIETLNA 3D - 12M"
160022,"LEŚNA CHOINKA 3D"
160023,"CHOINKA STOŻKOWA 4,8M Z MOTYWEM ŚNIEŻYNKI"
160024,"CHOINKA STOŻKOWA 6,8M Z MOTYWEM ŚNIEŻYNKI"
160025,"CHOINKA STOŻKOWA 8,8M Z MOTYWEM ŚNIEŻYNKI"
160026,"CHOINKA STOŻKOWA 11,15M  Z MOTYWEM ŚNIEŻYNKI"
160027,"CHOINKA ŚWIETLNA 3D"
160028,"CHOINKA ŁACINA ŁAGODNA 9,5M"
160029,"CHOINKA ŚWIETLNA 3D"
160030,"CHOINKA ŚWIETLNA 3D"
160031,"CHOINKA ŚWIETLNA 3D"
160032,"CHOINKA ŚWIETLNA 3D"
160033,"CHOINKA ŚWIETLNA 3D"
160034,"CHOINKA STOŻKOWA 4,8M Z KOKARDAMI"
160035,"CHOINKA STOŻKOWA 6,8M Z KOKARDAMI"
160036,"CHOINKA STOŻKOWA 8,8M Z KOKARDAMI"
160037,"CHOINKA STOŻKOWA 11,15M Z KOKARDAMI"
160038,"CHOINKA STOŻKOWA 4,8M Z GWIAZDKAMI - BEZ KOKARDEK"
160039,"CHOINKA STOŻKOWA 6,8M Z GWIAZDKAMI - BEZ KOKARDEK"
160040,"CHOINKA STOŻKOWA 8,8M Z GWIAZDKAMI - BEZ KOKARDEK"
160041,"CHOINKA STOŻKOWA 11,15M Z GWIAZDKAMI - BEZ KOKARDEK"
160042,"CHOINKA STOŻKOWA 4,8M"
160043,"CHOINKA STOŻKOWA 6,8M"
160044,"CHOINKA STOŻKOWA 8,8M"
160045,"CHOINKA STOŻKOWA 11,15M"
160046,"CHOINKA STOŻKOWA 4,8M Z DIAMENTAMI"
160047,"CHOINKA STOŻKOWA 6,8M Z DIAMENTAMI"
160048,"CHOINKA STOŻKOWA 8,8M Z DIAMENTAMI"
160049,"CHOINKA STOŻKOWA 11,15M Z DIAMENTAMI"
160056,"ZŁOTA CHOINKA 3D 4,5M"
160057,"ZŁOTA CHOINKA 3D 6,5M"
160058,"ZŁOTA CHOINKA 3D 9,5m"
160059,"ZŁOTA CHOINKA 3D 11,7M"
160060,"CHOINKA ZE ZŁOTYMI PIERŚCIENIAMI 6M"
160061,"CHOINKA ZE ZŁOTYMI PIERŚCIENIAMI 8M"
160062,"CHOINKA ZE ZŁOTYMI PIERŚCIENIAMI 10M"
160079,"CHOINKA STOŻKOWA 11,15 M Z LIŚCIEM OSTROKRZEWU"
160080,"CHOINKA STOŻKOWA 8,8 M Z LIŚCIEM OSTROKRZEWU"
160081,"CHOINKA STOŻKOWA 6,8 M Z LIŚCIEM OSTROKRZEWU"
160082,"CHOINKA STOŻKOWA 4,8 M Z LIŚCIEM OSTROKRZEWU"
160088,"CHOINKA STOŻKOWA Z CZERWONĄ WSTĄŻKĄ"
160089,"ZIMOWA CHOINKA STOŻKOWA 480"
160090,"ZIMOWA CHOINKA STOŻKOWA 680"
160091,"ZIMOWA CHOINKA STOŻKOWA 880"
160092,"ZIMOWA CHOINKA STOŻKOWA 1115"
160093,"CHOINKA STOŻKOWA Z CZERWONĄ WSTĄŻKĄ"
160094,"CHOINKA STOŻKOWA Z CZERWONĄ WSTĄŻKĄ"
160095,"CHOINKA STOŻKOWA Z CZERWONĄ WSTĄŻKĄ"
160096,"CHOINKA STOŻKOWA DELTOIDY Z ROZETĄ 4,6 M KAT"
160097,"CHOINKA STOŻKOWA DELTOIDY 6,8 M KAT"
160098,"CHOINKA STOŻKOWA DELTOIDY 8,8 M KAT"
160099,"CHOINKA STOŻKOWA DELTOIDY 11,15 M KAT"
160102,"CHOINKA STOŻKOWA GWIAZDY Z ROZETĄ 4,6 M"
160103,"CHOINKA STOŻKOWA GWIAZDY 6,8 M"
160104,"CHOINKA STOŻKOWA GWIAZDY 8,8 M"
160105,"CHOINKA STOŻKOWA GWIAZDY 11,2 M"
161001,"CHOINKA NATURA 8,3m - Z GWIAZDA I MASKOWNICĄ - KOLEKCJA KRÓLEWSKA"
161002,"CHOINKA NATURA 10,6 - Z GWIAZDA I MASKOWNICĄ - KOLEKCJA KRÓLEWSKA"
161003,"CHOINKA NATURA 13,3m - Z GWIAZDĄ I MASKOWNICĄ - KOLEKCJA KRÓLEWSKA"
161004,"CHOINKA NATURA 16,3m - Z GWIAZDĄ I MASKOWNICĄ - KOLEKCJA KRÓLEWSKA"
161005,"CHOINKA NATURA 8,3m - Z GWIAZDĄ I MASKOWNICĄ - KOLEKCJA PREZENTOWA"
161006,"CHOINKA NATURA 10,6M - Z GWIAZDĄ I MASKOWNICĄ - KOLEKCJA PREZENTOWA"
161007,"CHOINKA NATURA 13,6m - Z GWIAZDĄ I MASKOWNICĄ - KOLEKCJA PREZENTOWA"
161008,"CHOINKA NATURA 16,3M- Z GWIAZDĄ I MASKOWANICĄ- KOLEKCJA PREZENTOWA"
161009,"CHOINKA NATURA 8,3m - Z GWIAZDĄ I MASKOWNICĄ - KOLEKCJA LEŚNA GWIAZDA"
161010,"CHOINKA NATURA 10,6M - Z GWIAZDA I MASKOWANICĄ - KLEKCJA LEŚNA GWIAZDA"
161011,"CHOINKA NATURA 13,6m - Z GWIAZDĄ I MASKOWNICĄ - KOLEKCJA LEŚNE GWIAZDY"
161012,"CHOINKA NATURA 16,3m - Z GWIAZDĄ I MASKOWNICĄ - KOLEKCJA LEŚNA GWIAZDA"
161013,"CHOINKA NATURA 8,3m - Z GWIAZDA I MASKOWNICĄ - KOLEKCJA ŚWIETLNE SPLOTY"
161014,"CHOINKA NATURA 10,6M - Z GWIAZDĄ I MASKOWNICĄ - KOLEKCJA ŚWIETLNE SPLOTY"
161015,"CHOINKA NATURA 13,6m - Z GWIAZDĄ I MASKOWNICĄ - KOLEKCJA ŚWIETLNE SPLOTY"
161016,"CHOINKA NATURA - 16,3m - Z GWIAZDA I MASKOWNICĄ - KOLEKCJA ŚWIETLNE SPLOTY"
161017,"CHOINKA NATURA 8,3m - Z GWIAZDĄ I MASKOWNICĄ - KOLEKCJA ŚNIEŻNA"
161018,"CHOINKA NATURA 10,6m - Z GWIAZDĄ I MASKOWNICĄ - KOLEKCJA ŚNIEŻNA"
161019,"CHOINKA NATURA 13,6m - Z GWIAZDĄ I MASKOWNICĄ - KOLEKCJA ŚNIEŻNA"
161020,"CHOINKA NATURA 16,3m - Z GWIAZDĄ I MASKOWNICĄ - KOLEKCJA ŚNIEŻNA"
161021,"CHOINKA NATURA 8,3m - Z GWIAZDĄ I MASKOWNICĄ - KOLEKCJA PIERNIKOWA"
161022,"CHOINKA NATURA 10,6m - Z GWIAZDĄ I MASKOWNICĄ - KOLEKCJA PIERNIKOWA"
161023,"CHOINKA NATURA 13,6m - Z GWIAZDĄ I MASKOWNICĄ - KOLEKCJA PIERNIKOWA"
161024,"CHOINKA NATURA 16,3m - Z GWIAZDĄ I MASKOWNICĄ - KOLEKCJA PIERNIKOWA"
161025,"CHOINKA NATURA 8,3m - Z GWIAZDĄ I MASKOWNICĄ - KOLEKCJA NOWOCZESNA"
161026,"CHOINKA NATURA 10,6m - Z GWIAZDĄ I MASKOWNICĄ - KOLEKCJA NOWOCZESNA"
161027,"CHOINKA NATURA 13,6m - Z GWIAZDĄ I MASKOWNICĄ - KOLEKCJA NOWOCZESNA"
161028,"CHOINKA NATURA 16,3m - Z GWIAZDĄ I MASKOWNICĄ - KOLEKCJA NOWOCZESNA"
161043,"CHOINKA W DONICY 3D"
190002,"SANIE Z ŁABĘDZIAMI"
195001,"GWIAZDA NA CHOINKĘ"
195002,"GWIAZDA NA CHOINKĘ"